,train_loss,valid_loss,test_loss,train_misclass,valid_misclass,test_misclass,runtime
0,5.342865467071533,5.419226169586182,4.921207427978516,0.7521739130434782,0.7413793103448276,0.75,0.0
1,1.484511375427246,1.5583763122558594,1.4855127334594727,0.7565217391304347,0.7758620689655172,0.7534722222222222,1.122159719467163
2,1.3972398042678833,1.5277971029281616,1.4515000581741333,0.7217391304347827,0.7758620689655172,0.7395833333333333,1.1712172031402588
3,1.2991273403167725,1.4607583284378052,1.4033186435699463,0.6739130434782609,0.7586206896551724,0.7256944444444444,1.1801822185516357
4,1.23025381565094,1.4172427654266357,1.3766804933547974,0.5347826086956522,0.7241379310344828,0.7222222222222222,1.20633864402771
5,1.1882193088531494,1.3996176719665527,1.3684887886047363,0.4782608695652174,0.6551724137931034,0.7152777777777778,1.182091236114502
6,1.1557557582855225,1.3931779861450195,1.3645362854003906,0.4347826086956522,0.6379310344827587,0.6979166666666667,1.1657695770263672
7,1.127549171447754,1.392874002456665,1.3605226278305054,0.4130434782608695,0.6379310344827587,0.6840277777777778,1.1702959537506104
8,1.0988885164260864,1.384199619293213,1.3557273149490356,0.3956521739130435,0.6724137931034483,0.6805555555555556,1.1652307510375977
9,1.0709480047225952,1.383927345275879,1.3542876243591309,0.35652173913043483,0.6551724137931034,0.65625,1.1732769012451172
10,1.0505610704421997,1.388331651687622,1.3555080890655518,0.34782608695652173,0.6551724137931034,0.6388888888888888,1.1937944889068604
11,1.0270683765411377,1.3844845294952393,1.3517764806747437,0.33478260869565213,0.6724137931034483,0.6388888888888888,1.1789720058441162
12,1.0082275867462158,1.3830418586730957,1.3498914241790771,0.31304347826086953,0.6724137931034483,0.625,1.1820659637451172
13,0.9863578081130981,1.3839447498321533,1.3478103876113892,0.29130434782608694,0.6551724137931034,0.6284722222222222,1.1653053760528564
14,0.9670522809028625,1.380354881286621,1.3427871465682983,0.26521739130434785,0.6724137931034483,0.6284722222222222,1.1841909885406494
15,0.948920726776123,1.3722293376922607,1.3374731540679932,0.24347826086956526,0.6379310344827587,0.6215277777777778,1.185014009475708
16,0.926593005657196,1.3726035356521606,1.334547519683838,0.22608695652173916,0.6551724137931034,0.6111111111111112,1.170412302017212
17,0.907598078250885,1.3718042373657227,1.3308682441711426,0.22173913043478266,0.6724137931034483,0.6076388888888888,1.1782658100128174
18,0.8879337310791016,1.3544381856918335,1.3216938972473145,0.21304347826086956,0.6551724137931034,0.6006944444444444,1.1718957424163818
19,0.8696385025978088,1.3434321880340576,1.3158302307128906,0.19565217391304346,0.6379310344827587,0.6006944444444444,1.1733393669128418
20,0.8498836159706116,1.3348922729492188,1.309884786605835,0.18260869565217386,0.5862068965517242,0.59375,1.1731297969818115
21,0.8284581899642944,1.3263826370239258,1.305095911026001,0.18260869565217386,0.5689655172413793,0.5833333333333333,1.1855783462524414
22,0.8073951601982117,1.320256233215332,1.300309658050537,0.17826086956521736,0.5862068965517242,0.5729166666666667,1.1674401760101318
23,0.7879309058189392,1.3173046112060547,1.2930588722229004,0.16521739130434787,0.5862068965517242,0.5625,1.1825180053710938
24,0.7702380418777466,1.3145208358764648,1.2867625951766968,0.15652173913043477,0.5862068965517242,0.5694444444444444,1.1646528244018555
25,0.7518848776817322,1.3061093091964722,1.2799605131149292,0.14347826086956517,0.5862068965517242,0.5625,1.15714693069458
26,0.7349810004234314,1.3009743690490723,1.276536464691162,0.13913043478260867,0.5862068965517242,0.5659722222222222,1.166492223739624
27,0.7199423909187317,1.296173095703125,1.2740319967269897,0.13913043478260867,0.5862068965517242,0.5486111111111112,1.1590614318847656
28,0.7017937898635864,1.2885712385177612,1.2658257484436035,0.13043478260869568,0.5862068965517242,0.5381944444444444,1.168147325515747
29,0.6820586919784546,1.2762244939804077,1.2597441673278809,0.12608695652173918,0.603448275862069,0.5243055555555556,1.1720387935638428
30,0.666347324848175,1.266603946685791,1.252780556678772,0.11739130434782608,0.5862068965517242,0.5381944444444444,1.1830980777740479
31,0.6513159871101379,1.2648084163665771,1.2509150505065918,0.10869565217391308,0.5517241379310345,0.5486111111111112,1.1668071746826172
32,0.6386228203773499,1.2504408359527588,1.243276834487915,0.09999999999999998,0.6206896551724138,0.5138888888888888,1.1841707229614258
33,0.6161548495292664,1.2481162548065186,1.237607479095459,0.10434782608695647,0.5344827586206897,0.5069444444444444,1.1837737560272217
34,0.604494571685791,1.2472102642059326,1.2338371276855469,0.09999999999999998,0.5344827586206897,0.5069444444444444,1.1734800338745117
35,0.5897791981697083,1.2321529388427734,1.2306503057479858,0.08695652173913049,0.5517241379310345,0.5173611111111112,1.1958863735198975
36,0.5765383839607239,1.2144603729248047,1.2204232215881348,0.09130434782608698,0.5689655172413793,0.4965277777777778,1.1628870964050293
37,0.5608609318733215,1.222820520401001,1.2200592756271362,0.07826086956521738,0.5,0.5138888888888888,1.1769721508026123
38,0.5497945547103882,1.218422770500183,1.2129580974578857,0.09130434782608698,0.4655172413793104,0.5034722222222222,1.1786043643951416
39,0.5384266376495361,1.2031223773956299,1.2103772163391113,0.06956521739130439,0.4655172413793104,0.4965277777777778,1.1631712913513184
40,0.5228599905967712,1.1859437227249146,1.207430362701416,0.07826086956521738,0.4655172413793104,0.47916666666666663,1.1781456470489502
41,0.5098518133163452,1.183342695236206,1.2069172859191895,0.07391304347826089,0.4655172413793104,0.48611111111111116,1.1647696495056152
42,0.49766188859939575,1.1803972721099854,1.1978716850280762,0.07391304347826089,0.48275862068965514,0.4756944444444444,1.1816422939300537
43,0.4879837930202484,1.1719005107879639,1.1934123039245605,0.06956521739130439,0.4655172413793104,0.48611111111111116,1.1733183860778809
44,0.4768056571483612,1.16517972946167,1.187069058418274,0.047826086956521685,0.4655172413793104,0.46875,1.1883206367492676
45,0.46906259655952454,1.169023036956787,1.1814250946044922,0.04347826086956519,0.5,0.4652777777777778,1.1875636577606201
46,0.4552464783191681,1.1667038202285767,1.1766564846038818,0.04347826086956519,0.4655172413793104,0.4652777777777778,1.1845526695251465
47,0.44167107343673706,1.1533267498016357,1.1740959882736206,0.04347826086956519,0.4655172413793104,0.4618055555555556,1.1974906921386719
48,0.4330453872680664,1.143236756324768,1.1690661907196045,0.047826086956521685,0.43103448275862066,0.44791666666666663,1.1842083930969238
49,0.4225342571735382,1.1354923248291016,1.1748480796813965,0.034782608695652195,0.4482758620689655,0.4722222222222222,1.170259714126587
50,0.41155463457107544,1.1311922073364258,1.1679925918579102,0.034782608695652195,0.43103448275862066,0.45833333333333337,1.1868572235107422
51,0.40518802404403687,1.1246811151504517,1.1648892164230347,0.03913043478260869,0.4482758620689655,0.45138888888888884,1.160827398300171
52,0.39232397079467773,1.1028308868408203,1.1554272174835205,0.02608695652173909,0.4482758620689655,0.45486111111111116,1.165968894958496
53,0.38697943091392517,1.0963701009750366,1.1534724235534668,0.02608695652173909,0.4137931034482759,0.4409722222222222,1.1672101020812988
54,0.3781931400299072,1.0991201400756836,1.1562882661819458,0.017391304347826098,0.4482758620689655,0.4340277777777778,1.2018837928771973
55,0.3719097077846527,1.1147944927215576,1.164522647857666,0.017391304347826098,0.4482758620689655,0.4444444444444444,1.1754727363586426
56,0.3652906119823456,1.1179423332214355,1.1591521501541138,0.013043478260869601,0.43103448275862066,0.4340277777777778,1.162609338760376
57,0.35402342677116394,1.0927778482437134,1.1526603698730469,0.017391304347826098,0.4482758620689655,0.4375,1.1875543594360352
58,0.34650084376335144,1.0816123485565186,1.1514703035354614,0.013043478260869601,0.43103448275862066,0.4305555555555556,1.1610300540924072
59,0.33757349848747253,1.0803918838500977,1.1391340494155884,0.013043478260869601,0.43103448275862066,0.42013888888888884,1.1721827983856201
60,0.3332761824131012,1.0833274126052856,1.1420048475265503,0.013043478260869601,0.4137931034482759,0.4444444444444444,1.1682631969451904
61,0.32629042863845825,1.0744764804840088,1.1323237419128418,0.008695652173912993,0.43103448275862066,0.42013888888888884,1.1794137954711914
62,0.31796759366989136,1.0675698518753052,1.1336472034454346,0.013043478260869601,0.4137931034482759,0.42361111111111116,1.181230068206787
63,0.31246834993362427,1.0502173900604248,1.1309614181518555,0.017391304347826098,0.43103448275862066,0.42361111111111116,1.1647393703460693
64,0.30431196093559265,1.0462470054626465,1.145139217376709,0.013043478260869601,0.43103448275862066,0.4305555555555556,1.1798810958862305
65,0.2985980808734894,1.043161392211914,1.1344432830810547,0.008695652173912993,0.4482758620689655,0.42708333333333337,1.179805040359497
66,0.29570889472961426,1.047690987586975,1.1276992559432983,0.004347826086956497,0.4137931034482759,0.4340277777777778,1.1637918949127197
67,0.2881309986114502,1.038069486618042,1.1365004777908325,0.008695652173912993,0.4137931034482759,0.4375,1.1621053218841553
68,0.2832910418510437,1.0348312854766846,1.1353206634521484,0.004347826086956497,0.39655172413793105,0.42361111111111116,1.176100730895996
69,0.27619367837905884,1.0224177837371826,1.1161385774612427,0.008695652173912993,0.4137931034482759,0.4131944444444444,1.1897752285003662
70,0.2740674912929535,1.0046453475952148,1.121671438217163,0.0,0.4137931034482759,0.42361111111111116,1.174009084701538
71,0.26752808690071106,1.0124033689498901,1.1353219747543335,0.004347826086956497,0.4482758620689655,0.4340277777777778,1.1743879318237305
72,0.26071229577064514,1.0245578289031982,1.1286858320236206,0.008695652173912993,0.4137931034482759,0.42708333333333337,1.1656620502471924
73,0.25506719946861267,1.006543755531311,1.114811897277832,0.0,0.4137931034482759,0.42361111111111116,1.172760009765625
74,0.25325819849967957,0.9933434724807739,1.1075053215026855,0.004347826086956497,0.39655172413793105,0.41666666666666663,1.1824657917022705
75,0.24546894431114197,1.0248446464538574,1.1251060962677002,0.0,0.39655172413793105,0.42013888888888884,1.1548430919647217
76,0.244416743516922,1.0254004001617432,1.130577564239502,0.0,0.39655172413793105,0.42361111111111116,1.158803939819336
77,0.2388625144958496,0.9997076392173767,1.1116852760314941,0.0,0.4137931034482759,0.42361111111111116,1.1673038005828857
78,0.2306748628616333,0.9789640307426453,1.102362036705017,0.0,0.4137931034482759,0.41666666666666663,1.15952730178833
79,0.22727851569652557,0.9844640493392944,1.1106640100479126,0.0,0.39655172413793105,0.42361111111111116,1.1621639728546143
80,0.22217655181884766,0.9964224100112915,1.1097491979599,0.0,0.4137931034482759,0.42013888888888884,1.175471305847168
81,0.22137273848056793,1.014916181564331,1.1120657920837402,0.0,0.3620689655172413,0.4131944444444444,1.1633710861206055
82,0.2175217568874359,0.991422176361084,1.1058955192565918,0.0,0.4137931034482759,0.4131944444444444,1.1783950328826904
83,0.21091285347938538,0.9816000461578369,1.1054553985595703,0.0,0.4137931034482759,0.4131944444444444,1.1757264137268066
84,0.20842811465263367,0.9695827960968018,1.1051820516586304,0.0,0.4137931034482759,0.42013888888888884,1.1834325790405273
85,0.2076592743396759,0.9724783301353455,1.107873797416687,0.0,0.3793103448275862,0.42708333333333337,1.1622931957244873
86,0.2008211314678192,0.9707236289978027,1.0985021591186523,0.0,0.3620689655172413,0.41666666666666663,1.1856560707092285
87,0.196739062666893,0.9743106961250305,1.0988469123840332,0.0,0.3793103448275862,0.41666666666666663,1.1754322052001953
88,0.19367638230323792,0.9717870950698853,1.1080927848815918,0.0,0.3793103448275862,0.42708333333333337,1.1718599796295166
89,0.19103875756263733,0.966856062412262,1.1068143844604492,0.0,0.39655172413793105,0.42361111111111116,1.1688990592956543
90,0.18835105001926422,0.9632177352905273,1.0942713022232056,0.0,0.3793103448275862,0.40625,1.167344093322754
91,0.18436726927757263,0.9552737474441528,1.0881885290145874,0.0,0.3793103448275862,0.4097222222222222,1.1798198223114014
92,0.1797575205564499,0.9451435208320618,1.0906338691711426,0.0,0.39655172413793105,0.4131944444444444,1.171119213104248
93,0.17764721810817719,0.9592841267585754,1.0997350215911865,0.0,0.4137931034482759,0.41666666666666663,1.1886651515960693
94,0.17646834254264832,0.969221830368042,1.1026482582092285,0.0,0.3793103448275862,0.4097222222222222,1.1672618389129639
95,0.17449235916137695,0.9599246978759766,1.088167428970337,0.0,0.39655172413793105,0.39583333333333337,1.2321717739105225
96,0.17119204998016357,0.9432290196418762,1.0797467231750488,0.0,0.3620689655172413,0.4097222222222222,1.1756196022033691
97,0.16737766563892365,0.9587289094924927,1.078183889389038,0.0,0.3793103448275862,0.4027777777777778,1.1770267486572266
98,0.16628701984882355,0.9463540315628052,1.086774468421936,0.0,0.3620689655172413,0.3993055555555556,1.1632068157196045
99,0.16316434741020203,0.9557203650474548,1.0968642234802246,0.0,0.39655172413793105,0.4097222222222222,1.1565163135528564
100,0.1600620597600937,0.9579699635505676,1.1016987562179565,0.0,0.3793103448275862,0.42013888888888884,1.1564173698425293
101,0.1587064564228058,0.9362519383430481,1.0840766429901123,0.0,0.3448275862068966,0.42361111111111116,1.1720869541168213
102,0.15504492819309235,0.932208776473999,1.0829715728759766,0.0,0.3620689655172413,0.4027777777777778,1.174910068511963
103,0.153593048453331,0.9587690234184265,1.0964796543121338,0.0,0.39655172413793105,0.40625,1.1570594310760498
104,0.15140892565250397,0.9448518753051758,1.0872092247009277,0.0,0.3793103448275862,0.42361111111111116,1.155045986175537
105,0.14754818379878998,0.923320472240448,1.076385498046875,0.0,0.3620689655172413,0.3993055555555556,1.1600282192230225
106,0.1457294523715973,0.9472466111183167,1.0847744941711426,0.0,0.3620689655172413,0.4027777777777778,1.1521012783050537
107,0.14454258978366852,0.9495592713356018,1.0731024742126465,0.0,0.3448275862068966,0.4027777777777778,1.1744282245635986
108,0.14316357672214508,0.9206780791282654,1.093119502067566,0.0,0.3793103448275862,0.4097222222222222,1.1520171165466309
109,0.14123877882957458,0.9311810731887817,1.1054562330245972,0.0,0.39655172413793105,0.4305555555555556,1.1684024333953857
110,0.137344628572464,0.9317472577095032,1.0909686088562012,0.0,0.39655172413793105,0.4097222222222222,1.1555662155151367
111,0.13560418784618378,0.9254014492034912,1.073053240776062,0.0,0.3620689655172413,0.38888888888888884,1.172363519668579
112,0.13560304045677185,0.9309523105621338,1.0726547241210938,0.0,0.3793103448275862,0.4027777777777778,1.1631238460540771
113,0.13313506543636322,0.9227951765060425,1.076783299446106,0.0,0.3620689655172413,0.41666666666666663,1.171051263809204
114,0.1312875896692276,0.9218456149101257,1.0959688425064087,0.0,0.3793103448275862,0.40625,1.193293571472168
115,0.12839007377624512,0.9192954301834106,1.0720601081848145,0.0,0.3793103448275862,0.38541666666666663,1.1551947593688965
116,0.12668928503990173,0.928072452545166,1.080847978591919,0.0,0.3620689655172413,0.39236111111111116,1.1818933486938477
117,0.1238582655787468,0.9200670719146729,1.0799520015716553,0.0,0.3448275862068966,0.38541666666666663,1.1580381393432617
118,0.12355518341064453,0.9171074032783508,1.0716153383255005,0.0,0.3620689655172413,0.3993055555555556,1.1766304969787598
119,0.12278932332992554,0.9389581084251404,1.087507963180542,0.0,0.3448275862068966,0.4027777777777778,1.1590054035186768
120,0.12017200887203217,0.945210337638855,1.0834861993789673,0.0,0.3275862068965517,0.4027777777777778,1.1559054851531982
121,0.11890997737646103,0.9092929363250732,1.06270432472229,0.0,0.3620689655172413,0.4097222222222222,1.1570866107940674
122,0.11773820966482162,0.9035145044326782,1.055829644203186,0.0,0.3448275862068966,0.38888888888888884,1.1660923957824707
123,0.11798162758350372,0.9507744312286377,1.084615707397461,0.0,0.3620689655172413,0.4097222222222222,1.1581010818481445
124,0.11578713357448578,0.9251706600189209,1.0789564847946167,0.0,0.3275862068965517,0.38541666666666663,1.1706593036651611
125,0.11332287639379501,0.9074033498764038,1.0805432796478271,0.0,0.3448275862068966,0.40625,1.1631815433502197
126,0.11124061048030853,0.9174375534057617,1.082527995109558,0.0,0.3620689655172413,0.40625,1.1559205055236816
127,0.10948477685451508,0.9235700368881226,1.0734946727752686,0.0,0.3620689655172413,0.39583333333333337,1.1573126316070557
128,0.10896261036396027,0.9001975655555725,1.058282732963562,0.0,0.3448275862068966,0.39236111111111116,1.155930757522583
129,0.1075015738606453,0.9157904982566833,1.0770272016525269,0.0,0.3620689655172413,0.38541666666666663,1.1708874702453613
130,0.10592540353536606,0.9288207292556763,1.0824933052062988,0.0,0.3620689655172413,0.38888888888888884,1.177161455154419
131,0.10475017130374908,0.8886332511901855,1.0661100149154663,0.0,0.3448275862068966,0.4027777777777778,1.1703059673309326
132,0.10239268094301224,0.8927069902420044,1.0640509128570557,0.0,0.31034482758620685,0.39236111111111116,1.1752259731292725
133,0.10369225591421127,0.9387118816375732,1.0888415575027466,0.0,0.3448275862068966,0.3993055555555556,1.1580419540405273
134,0.10655368119478226,0.9309220314025879,1.0689549446105957,0.0,0.3448275862068966,0.38888888888888884,1.1554932594299316
135,0.0996212288737297,0.8954325318336487,1.0572278499603271,0.0,0.3620689655172413,0.39236111111111116,1.1595017910003662
136,0.09988505393266678,0.9010227918624878,1.067772388458252,0.0,0.3793103448275862,0.41666666666666663,1.1599640846252441
137,0.0984792560338974,0.9066157341003418,1.0783036947250366,0.0,0.3620689655172413,0.4131944444444444,1.151766061782837
138,0.09859297424554825,0.9193964004516602,1.0763131380081177,0.0,0.31034482758620685,0.39583333333333337,1.1682088375091553
139,0.09580884873867035,0.8882707357406616,1.063179850578308,0.0,0.3448275862068966,0.38888888888888884,1.1578843593597412
140,0.09447385370731354,0.8871078491210938,1.062603235244751,0.0,0.3448275862068966,0.4097222222222222,1.1677305698394775
141,0.09411720186471939,0.8994345664978027,1.06427800655365,0.0,0.3448275862068966,0.38888888888888884,1.159609079360962
142,0.0939631387591362,0.9075444936752319,1.085282802581787,0.0,0.3275862068965517,0.4097222222222222,1.1579022407531738
143,0.09113669395446777,0.8862642049789429,1.077556848526001,0.0,0.3620689655172413,0.41666666666666663,1.1566112041473389
144,0.08953746408224106,0.9031182527542114,1.0702613592147827,0.0,0.3275862068965517,0.4097222222222222,1.1675713062286377
145,0.09004460275173187,0.9095022678375244,1.0621389150619507,0.0,0.3275862068965517,0.38888888888888884,1.1538445949554443
146,0.08865833282470703,0.8953209519386292,1.063213586807251,0.0,0.31034482758620685,0.4027777777777778,1.1551668643951416
147,0.0887310579419136,0.8830215334892273,1.0750401020050049,0.0,0.3275862068965517,0.40625,1.1681056022644043
148,0.08624009042978287,0.9097181558609009,1.083394169807434,0.0,0.3620689655172413,0.41666666666666663,1.1581215858459473
149,0.09896155446767807,0.9719124436378479,1.0944695472717285,0.0,0.39655172413793105,0.3993055555555556,1.1548144817352295
150,0.09285259991884232,0.9285361766815186,1.0805219411849976,0.0,0.39655172413793105,0.3993055555555556,1.158311367034912
151,0.08999323844909668,0.8902451992034912,1.0746800899505615,0.0,0.3448275862068966,0.4131944444444444,1.1582810878753662
152,0.08422057330608368,0.8967499732971191,1.0613691806793213,0.0,0.3448275862068966,0.4097222222222222,1.1542651653289795
153,0.08244083821773529,0.9005672931671143,1.049123764038086,0.0,0.31034482758620685,0.38541666666666663,1.1661584377288818
154,0.08182097971439362,0.8858990669250488,1.0499920845031738,0.0,0.3620689655172413,0.3993055555555556,1.172924280166626
155,0.08310156315565109,0.8729844093322754,1.0433248281478882,0.0,0.31034482758620685,0.39236111111111116,1.1535136699676514
156,0.08108999580144882,0.8982245922088623,1.0474319458007812,0.0,0.31034482758620685,0.39236111111111116,1.1546432971954346
157,0.08076822757720947,0.8983863592147827,1.061278223991394,0.0,0.3275862068965517,0.3819444444444444,1.1566920280456543
158,0.0792846754193306,0.8897041082382202,1.0507224798202515,0.0,0.31034482758620685,0.3819444444444444,1.1805319786071777
159,0.07799724489450455,0.8643908500671387,1.0649174451828003,0.0,0.31034482758620685,0.4097222222222222,1.1793391704559326
160,0.07678469270467758,0.8963019847869873,1.0745950937271118,0.0,0.3275862068965517,0.3993055555555556,1.1685779094696045
161,0.0763193890452385,0.9111343026161194,1.062355637550354,0.0,0.3275862068965517,0.3715277777777778,1.1934664249420166
162,0.07547960430383682,0.8969213962554932,1.0581530332565308,0.0,0.31034482758620685,0.3819444444444444,1.1843154430389404
163,0.07351173460483551,0.8884118795394897,1.0578358173370361,0.0,0.31034482758620685,0.39236111111111116,1.1753907203674316
164,0.07340686023235321,0.9014352560043335,1.0739612579345703,0.0,0.31034482758620685,0.3993055555555556,1.1944689750671387
165,0.07399674504995346,0.8663985133171082,1.070068597793579,0.0,0.31034482758620685,0.4027777777777778,1.1719677448272705
166,0.07274074107408524,0.881354570388794,1.0387628078460693,0.0,0.3448275862068966,0.3819444444444444,1.1617884635925293
167,0.07272162288427353,0.8837411999702454,1.0374932289123535,0.0,0.3275862068965517,0.3680555555555556,1.1564221382141113
168,0.07176386564970016,0.8724393844604492,1.050179362297058,0.0,0.31034482758620685,0.39583333333333337,1.1689825057983398
169,0.07126028090715408,0.9233866930007935,1.0700411796569824,0.0,0.27586206896551724,0.375,1.17240309715271
170,0.07193596661090851,0.9023133516311646,1.062589168548584,0.0,0.2931034482758621,0.375,1.1751272678375244
171,0.07007090002298355,0.8737059831619263,1.0656723976135254,0.0,0.2931034482758621,0.40625,1.1770243644714355
172,0.06902942806482315,0.9101209044456482,1.082761287689209,0.0,0.31034482758620685,0.3819444444444444,1.2007169723510742
173,0.06830600649118423,0.8874812126159668,1.0665202140808105,0.0,0.31034482758620685,0.39583333333333337,1.1793460845947266
174,0.06810574233531952,0.891891360282898,1.0541479587554932,0.0,0.3620689655172413,0.4027777777777778,1.167022466659546
175,0.06758257001638412,0.8965020775794983,1.0499728918075562,0.0,0.31034482758620685,0.3680555555555556,1.178490161895752
176,0.06696438789367676,0.8897731900215149,1.0765531063079834,0.0,0.2931034482758621,0.38541666666666663,1.1689198017120361
177,0.06555644422769547,0.8643850088119507,1.0680898427963257,0.0,0.2931034482758621,0.39236111111111116,1.1573731899261475
178,0.06621979176998138,0.906180739402771,1.0658421516418457,0.0,0.3275862068965517,0.39583333333333337,1.1754076480865479
179,0.06552368402481079,0.8876573443412781,1.0482509136199951,0.0,0.3275862068965517,0.3819444444444444,1.1764979362487793
180,0.06394573301076889,0.8746076822280884,1.0524340867996216,0.0,0.3275862068965517,0.39236111111111116,1.2124214172363281
181,0.06432847678661346,0.8903882503509521,1.0645389556884766,0.0,0.2931034482758621,0.3680555555555556,1.172529935836792
182,0.0637534037232399,0.881626546382904,1.0588454008102417,0.0,0.31034482758620685,0.3680555555555556,1.184682846069336
183,0.06224346533417702,0.883026123046875,1.05552339553833,0.0,0.3275862068965517,0.4097222222222222,1.1861109733581543
184,0.06321818381547928,0.9134829044342041,1.0744376182556152,0.0,0.3275862068965517,0.38541666666666663,1.1520655155181885
185,0.06125069037079811,0.889714777469635,1.0623658895492554,0.0,0.2931034482758621,0.3819444444444444,1.1635620594024658
186,0.06163531914353371,0.8844646215438843,1.0674110651016235,0.0,0.2931034482758621,0.38541666666666663,1.1985504627227783
187,0.060636844485998154,0.8893548250198364,1.0460782051086426,0.0,0.3448275862068966,0.38541666666666663,1.1513049602508545
188,0.06434811651706696,0.8585493564605713,1.0633504390716553,0.0,0.3448275862068966,0.4305555555555556,1.1580009460449219
189,0.061816904693841934,0.8882608413696289,1.076330542564392,0.0,0.2931034482758621,0.38541666666666663,1.1705329418182373
190,0.06253480166196823,0.9043681621551514,1.0866401195526123,0.0,0.31034482758620685,0.38888888888888884,1.156064510345459
191,0.05993988737463951,0.8695842027664185,1.0600579977035522,0.0,0.3275862068965517,0.3715277777777778,1.1840429306030273
192,0.05856826528906822,0.9064006209373474,1.0780349969863892,0.0,0.31034482758620685,0.4027777777777778,1.1765961647033691
193,0.058073192834854126,0.885086178779602,1.0467416048049927,0.0,0.2931034482758621,0.3715277777777778,1.2214715480804443
194,0.05911162868142128,0.8703046441078186,1.0332709550857544,0.0,0.3275862068965517,0.3506944444444444,1.2116138935089111
195,0.057816486805677414,0.9118691682815552,1.0654798746109009,0.0,0.31034482758620685,0.3784722222222222,1.229184865951538
196,0.05829998850822449,0.8943631052970886,1.088263988494873,0.0,0.31034482758620685,0.39583333333333337,1.2035951614379883
197,0.05578048899769783,0.8666826486587524,1.0560812950134277,0.0,0.2931034482758621,0.3715277777777778,1.2125720977783203
198,0.05817199870944023,0.8871038556098938,1.0295051336288452,0.0,0.3620689655172413,0.3680555555555556,1.1924278736114502
199,0.055665526539087296,0.8780890703201294,1.0404220819473267,0.0,0.3448275862068966,0.3784722222222222,1.201606035232544
200,0.054866768419742584,0.8789018392562866,1.0591493844985962,0.0,0.3275862068965517,0.3819444444444444,1.1849420070648193
201,0.05450543388724327,0.9219661951065063,1.072374939918518,0.0,0.3275862068965517,0.38541666666666663,1.2141094207763672
202,0.055341172963380814,0.9229333400726318,1.0812323093414307,0.0,0.31034482758620685,0.375,1.2021148204803467
203,0.05332959443330765,0.8959572315216064,1.0530383586883545,0.0,0.31034482758620685,0.3784722222222222,1.1634674072265625
204,0.053678564727306366,0.8977166414260864,1.0525364875793457,0.0,0.31034482758620685,0.39583333333333337,1.2054123878479004
205,0.0530967079102993,0.8951383233070374,1.0528571605682373,0.0,0.3448275862068966,0.375,1.1923654079437256
206,0.052942223846912384,0.9055685997009277,1.0627764463424683,0.0,0.31034482758620685,0.3784722222222222,1.1930088996887207
207,0.053663697093725204,0.8879586458206177,1.0574395656585693,0.0,0.3448275862068966,0.4027777777777778,1.219663381576538
208,0.05225786939263344,0.8696919083595276,1.0384074449539185,0.0,0.3275862068965517,0.3715277777777778,1.1928842067718506
209,0.05087018758058548,0.878568708896637,1.0527000427246094,0.0,0.31034482758620685,0.3819444444444444,1.1656913757324219
210,0.05134376138448715,0.8754950761795044,1.0730624198913574,0.0,0.2931034482758621,0.375,1.1961390972137451
211,0.05029510706663132,0.8821611404418945,1.0715632438659668,0.0,0.31034482758620685,0.375,1.160010814666748
212,0.05072550103068352,0.8747732043266296,1.0357950925827026,0.0,0.2931034482758621,0.3472222222222222,1.1613216400146484
213,0.05106513947248459,0.8785731792449951,1.0366101264953613,0.0,0.3275862068965517,0.3680555555555556,1.1654038429260254
214,0.049108393490314484,0.8848916292190552,1.042494535446167,0.0,0.3275862068965517,0.3819444444444444,1.1625280380249023
215,0.048611607402563095,0.8552569150924683,1.0433217287063599,0.0,0.31034482758620685,0.3784722222222222,1.1709280014038086
216,0.04876863956451416,0.8751194477081299,1.0327666997909546,0.0,0.3275862068965517,0.36111111111111116,1.1578178405761719
217,0.049045391380786896,0.8774420022964478,1.0642896890640259,0.0,0.2931034482758621,0.36458333333333337,1.1667330265045166
218,0.04821164533495903,0.8767954111099243,1.0551764965057373,0.0,0.31034482758620685,0.3680555555555556,1.1693086624145508
219,0.04807446524500847,0.8901304602622986,1.0471744537353516,0.0,0.31034482758620685,0.3715277777777778,1.1671581268310547
220,0.04857239872217178,0.893417239189148,1.0378670692443848,0.0,0.3620689655172413,0.38541666666666663,1.1687469482421875
221,0.04771779105067253,0.8693931102752686,1.0377107858657837,0.0,0.3275862068965517,0.3680555555555556,1.1965231895446777
222,0.04732849821448326,0.875474214553833,1.0628294944763184,0.0,0.3275862068965517,0.39583333333333337,1.1695303916931152
223,0.04899301379919052,0.8970552682876587,1.073828101158142,0.0,0.2931034482758621,0.3715277777777778,1.1899476051330566
224,0.04572325944900513,0.8914593458175659,1.0485317707061768,0.0,0.31034482758620685,0.375,1.1727337837219238
225,0.04754989966750145,0.8667048215866089,1.045663833618164,0.0,0.3275862068965517,0.36458333333333337,1.168426513671875
226,0.0460907407104969,0.870361328125,1.055280089378357,0.0,0.31034482758620685,0.3680555555555556,1.1817348003387451
227,0.04604469612240791,0.8714072704315186,1.036012053489685,0.0,0.2931034482758621,0.36458333333333337,1.1631262302398682
228,0.04615187644958496,0.895784318447113,1.0357885360717773,0.0,0.31034482758620685,0.36111111111111116,1.1618010997772217
229,0.04504099115729332,0.875023603439331,1.0741666555404663,0.0,0.2931034482758621,0.39236111111111116,1.1766729354858398
230,0.04468519240617752,0.8755180239677429,1.0423388481140137,0.0,0.31034482758620685,0.3715277777777778,1.1676697731018066
231,0.04532799869775772,0.8692483305931091,1.0196812152862549,0.0,0.31034482758620685,0.35416666666666663,1.1703016757965088
232,0.044374145567417145,0.8600755929946899,1.030636191368103,0.0,0.31034482758620685,0.3680555555555556,1.1640193462371826
233,0.04428476095199585,0.9082129597663879,1.069532871246338,0.0,0.3448275862068966,0.3715277777777778,1.1710150241851807
234,0.04332990199327469,0.8569579124450684,1.0388559103012085,0.0,0.31034482758620685,0.3715277777777778,1.1540589332580566
235,0.042809225618839264,0.868971586227417,1.0328651666641235,0.0,0.31034482758620685,0.3784722222222222,1.1821668148040771
236,0.0430787019431591,0.8880537748336792,1.0530608892440796,0.0,0.2931034482758621,0.38541666666666663,1.1582717895507812
237,0.04220200330018997,0.8807213306427002,1.042435884475708,0.0,0.3275862068965517,0.375,1.1589806079864502
238,0.04288160055875778,0.8944813013076782,1.040995717048645,0.0,0.2931034482758621,0.3819444444444444,1.1584765911102295
239,0.04238874092698097,0.8756563663482666,1.0296732187271118,0.0,0.3620689655172413,0.3784722222222222,1.171133279800415
240,0.04288819059729576,0.8868971467018127,1.0281336307525635,0.0,0.3275862068965517,0.3680555555555556,1.1678721904754639
241,0.04216558486223221,0.8803987503051758,1.0357407331466675,0.0,0.31034482758620685,0.36458333333333337,1.170123815536499
242,0.042014092206954956,0.9058839082717896,1.0695643424987793,0.0,0.2931034482758621,0.375,1.1732540130615234
243,0.04097585752606392,0.8844733238220215,1.0383293628692627,0.0,0.3275862068965517,0.36111111111111116,1.1867570877075195
244,0.04148058220744133,0.846897304058075,1.020388126373291,0.0,0.31034482758620685,0.35763888888888884,1.1725876331329346
245,0.04017641022801399,0.8964803814888,1.0513019561767578,0.0,0.31034482758620685,0.3680555555555556,1.2164371013641357
246,0.03959790617227554,0.8950011730194092,1.0461785793304443,0.0,0.31034482758620685,0.375,1.1676621437072754
247,0.03941909223794937,0.8706321716308594,1.0370503664016724,0.0,0.31034482758620685,0.35763888888888884,1.1796975135803223
248,0.04252133518457413,0.9020484685897827,1.072733759880066,0.0,0.3448275862068966,0.39583333333333337,1.157109260559082
249,0.04093949869275093,0.8989346623420715,1.0543452501296997,0.0,0.3620689655172413,0.3680555555555556,1.1761035919189453
250,0.03943778946995735,0.8798714876174927,1.0554561614990234,0.0,0.31034482758620685,0.3715277777777778,1.1607272624969482
251,0.03937581554055214,0.8832063674926758,1.046476125717163,0.0,0.3448275862068966,0.375,1.1751933097839355
252,0.039461590349674225,0.8981132507324219,1.0484576225280762,0.0,0.3275862068965517,0.36458333333333337,1.159348726272583
253,0.03835276514291763,0.906728982925415,1.0359067916870117,0.0,0.3275862068965517,0.35416666666666663,1.169654130935669
254,0.03811587020754814,0.8799043893814087,1.035086989402771,0.0,0.3448275862068966,0.36111111111111116,1.1673860549926758
255,0.03855862468481064,0.8946976661682129,1.042845606803894,0.0,0.3275862068965517,0.3715277777777778,1.1818678379058838
256,0.03798577934503555,0.8872317671775818,1.0425238609313965,0.0,0.27586206896551724,0.375,1.167668342590332
257,0.037769824266433716,0.8900150060653687,1.0459985733032227,0.0,0.2931034482758621,0.3819444444444444,1.2059340476989746
258,0.037620894610881805,0.8782857656478882,1.0327556133270264,0.0,0.3275862068965517,0.3715277777777778,1.1878602504730225
259,0.03764599561691284,0.882840633392334,1.0451894998550415,0.0,0.3448275862068966,0.3784722222222222,1.1774489879608154
260,0.038872573524713516,0.875338077545166,1.0540661811828613,0.0,0.2931034482758621,0.38541666666666663,1.1737747192382812
261,0.03787607327103615,0.881279706954956,1.024646520614624,0.0,0.3275862068965517,0.36111111111111116,1.1797282695770264
262,0.03778230771422386,0.9066089391708374,1.037535309791565,0.0,0.3448275862068966,0.3784722222222222,1.1703360080718994
263,0.03714529797434807,0.8646647930145264,1.0462042093276978,0.0,0.3448275862068966,0.38888888888888884,1.1695504188537598
264,0.03638070821762085,0.8995169997215271,1.0583381652832031,0.0,0.31034482758620685,0.3715277777777778,1.1721062660217285
265,0.036664847284555435,0.9011114835739136,1.0419310331344604,0.0,0.2931034482758621,0.3680555555555556,1.163557529449463
266,0.03748086467385292,0.9021224975585938,1.0152865648269653,0.0,0.3275862068965517,0.3680555555555556,1.157275915145874
267,0.03553597256541252,0.8846561908721924,1.029800534248352,0.0,0.3275862068965517,0.35416666666666663,1.1616742610931396
268,0.03586955741047859,0.8766624927520752,1.0516849756240845,0.0,0.31034482758620685,0.38888888888888884,1.160841941833496
269,0.035912130028009415,0.8821444511413574,1.0273947715759277,0.0,0.3275862068965517,0.36111111111111116,1.1702938079833984
270,0.036698661744594574,0.8552638292312622,1.0140964984893799,0.0,0.3275862068965517,0.35763888888888884,1.1709215641021729
271,0.03609481453895569,0.8778789043426514,1.0365872383117676,0.0,0.3275862068965517,0.3680555555555556,1.1689889430999756
272,0.03463947772979736,0.8784838914871216,1.0482019186019897,0.0,0.3275862068965517,0.3784722222222222,1.1679143905639648
273,0.03458201512694359,0.8694549798965454,1.044243574142456,0.0,0.3275862068965517,0.3784722222222222,1.1753652095794678
274,0.0356559157371521,0.8546783924102783,0.9992855787277222,0.0,0.3275862068965517,0.3368055555555556,1.1672136783599854
275,0.03424222022294998,0.8755022287368774,1.0307821035385132,0.0,0.3275862068965517,0.3368055555555556,1.1753277778625488
276,0.20365464687347412,0.8755022287368774,1.0307821035385132,0.06597222222222221,0.3275862068965517,0.3368055555555556,0.6259462833404541
277,0.31557831168174744,0.965449333190918,1.2784450054168701,0.10069444444444442,0.4482758620689655,0.4722222222222222,1.3172986507415771
278,0.18096889555454254,0.6200460195541382,0.9474719166755676,0.03819444444444442,0.18965517241379315,0.3506944444444444,1.374135971069336
279,0.15350735187530518,0.5088287591934204,1.0389736890792847,0.03819444444444442,0.18965517241379315,0.3993055555555556,1.3732032775878906
280,0.16706837713718414,0.51397705078125,1.0503898859024048,0.03472222222222221,0.1724137931034483,0.38888888888888884,1.3737642765045166
281,0.12805533409118652,0.39366552233695984,0.9780817031860352,0.01736111111111116,0.08620689655172409,0.3402777777777778,1.3721015453338623
282,0.14999991655349731,0.40819066762924194,1.0460305213928223,0.01388888888888884,0.06896551724137934,0.42013888888888884,1.375974416732788
283,0.1184476986527443,0.33374354243278503,1.0180363655090332,0.01041666666666663,0.051724137931034475,0.35763888888888884,1.3812472820281982
284,0.10242803394794464,0.27216222882270813,0.9827907085418701,0.00694444444444442,0.03448275862068961,0.3368055555555556,1.3771462440490723
285,0.10374212265014648,0.2692411541938782,1.0051844120025635,0.01041666666666663,0.051724137931034475,0.3715277777777778,1.3930881023406982
286,0.08649858832359314,0.22952231764793396,0.9687960147857666,0.00347222222222221,0.017241379310344862,0.32986111111111116,1.3776602745056152
287,0.0817943662405014,0.1980828046798706,0.9489411115646362,0.0,0.0,0.3472222222222222,1.3808507919311523
288,0.080857053399086,0.18866749107837677,0.9495382308959961,0.0,0.0,0.3402777777777778,1.376899242401123
289,0.0893196240067482,0.22630348801612854,1.0696791410446167,0.0,0.0,0.38888888888888884,1.3762805461883545
290,0.07247968763113022,0.15875481069087982,0.937175452709198,0.0,0.0,0.3368055555555556,1.3756208419799805
291,0.07161030173301697,0.1580810844898224,0.9465063810348511,0.0,0.0,0.3506944444444444,1.3753516674041748
292,0.07595319300889969,0.17522576451301575,0.979085385799408,0.0,0.0,0.32291666666666663,1.3914453983306885
293,0.07574780285358429,0.15716814994812012,0.9470148086547852,0.0,0.0,0.3680555555555556,1.3831713199615479
294,0.06917659938335419,0.1528942734003067,0.9770844578742981,0.0,0.0,0.33333333333333337,1.4033479690551758
295,0.0662701427936554,0.13097774982452393,0.9433216452598572,0.0,0.0,0.36458333333333337,1.3827683925628662
296,0.06284790486097336,0.13404420018196106,0.9734846949577332,0.0,0.0,0.3368055555555556,1.3730275630950928
297,0.06157559156417847,0.13154765963554382,0.9535200595855713,0.0,0.0,0.3506944444444444,1.412001371383667
298,0.061674654483795166,0.1183985024690628,0.9805442094802856,0.0,0.0,0.36458333333333337,1.3736393451690674
299,0.06151321902871132,0.12067815661430359,0.9412854313850403,0.0,0.0,0.34375,1.3722724914550781
300,0.06207643449306488,0.11564737558364868,0.9209965467453003,0.0,0.0,0.35763888888888884,1.3744542598724365
301,0.06025387719273567,0.11337760090827942,0.971233069896698,0.0,0.0,0.3472222222222222,1.3731794357299805
302,0.0607544369995594,0.12087671458721161,1.0192277431488037,0.0,0.0,0.36458333333333337,1.372483491897583
303,0.05673297122120857,0.10321102291345596,0.9415915012359619,0.0,0.0,0.3472222222222222,1.375533103942871
304,0.05760101601481438,0.09914644807577133,0.9246485233306885,0.0,0.0,0.3402777777777778,1.3805015087127686
305,0.05521231144666672,0.09912751615047455,0.9598820805549622,0.0,0.0,0.3715277777777778,1.3891277313232422
306,0.056101925671100616,0.0959460660815239,0.954645574092865,0.0,0.0,0.36111111111111116,1.3702456951141357
307,0.055978283286094666,0.10313137620687485,0.9697985053062439,0.0,0.0,0.3368055555555556,1.3718514442443848
308,0.05365539342164993,0.0904398262500763,0.9301986694335938,0.0,0.0,0.3368055555555556,1.3728606700897217
309,0.052436463534832,0.09079638123512268,0.9413607716560364,0.0,0.0,0.3402777777777778,1.3795628547668457
310,0.05473531037569046,0.09026391804218292,0.9614248275756836,0.0,0.0,0.34375,1.3706364631652832
311,0.05282095819711685,0.09314283728599548,0.9678539633750916,0.0,0.0,0.3506944444444444,1.374842643737793
312,0.05298681557178497,0.08984410762786865,0.9424288868904114,0.0,0.0,0.36458333333333337,1.398059606552124
313,0.04942239448428154,0.08520634472370148,0.9443445205688477,0.0,0.0,0.3472222222222222,1.392080307006836
314,0.050525203347206116,0.0815870463848114,0.9506544470787048,0.0,0.0,0.35416666666666663,1.3945822715759277
315,0.048499945551157,0.08115950971841812,0.9499382376670837,0.0,0.0,0.34375,1.387453556060791
316,0.04889609292149544,0.0844634622335434,0.9400479793548584,0.0,0.0,0.3472222222222222,1.383275032043457
317,0.048774778842926025,0.0777415931224823,0.9354279637336731,0.0,0.0,0.32986111111111116,1.3671848773956299
318,0.05000125616788864,0.08427432179450989,0.9709535241127014,0.0,0.0,0.35416666666666663,1.395179271697998
319,0.053012020885944366,0.07948732376098633,0.9176199436187744,0.0,0.0,0.34375,1.3794355392456055
320,0.05075598135590553,0.08019433915615082,0.9828673601150513,0.0,0.0,0.3472222222222222,1.3720500469207764
321,0.047410253435373306,0.07597975432872772,0.9493963718414307,0.0,0.0,0.36111111111111116,1.3737874031066895
322,0.05072592943906784,0.07779252529144287,0.9413512349128723,0.0,0.0,0.36111111111111116,1.3683290481567383
323,0.05119355022907257,0.08180698752403259,0.9562348127365112,0.0,0.0,0.3402777777777778,1.3754117488861084
324,0.048384152352809906,0.0816521868109703,0.9646283388137817,0.0,0.0,0.35763888888888884,1.3700759410858154
325,0.04828657582402229,0.0730719119310379,0.962543785572052,0.0,0.0,0.3402777777777778,1.3804905414581299
326,0.04594510421156883,0.07392124831676483,0.9595914483070374,0.0,0.0,0.35416666666666663,1.3763103485107422
327,0.046070173382759094,0.06953788548707962,0.9203734993934631,0.0,0.0,0.35416666666666663,1.377415418624878
328,0.04572209715843201,0.06876824051141739,0.9261553883552551,0.0,0.0,0.32638888888888884,1.3897149562835693
329,0.044728007167577744,0.07187716662883759,0.9642642140388489,0.0,0.0,0.36458333333333337,1.3793365955352783
330,0.043698713183403015,0.06630361825227737,0.9326165318489075,0.0,0.0,0.3368055555555556,1.3807635307312012
331,0.04468066617846489,0.0673670619726181,0.9457110166549683,0.0,0.0,0.34375,1.3730545043945312
332,0.04475586861371994,0.06592735648155212,0.952077329158783,0.0,0.0,0.36458333333333337,1.3799407482147217
333,0.043108973652124405,0.06647594273090363,0.9469376802444458,0.0,0.0,0.35763888888888884,1.3722712993621826
334,0.04338042438030243,0.06621993333101273,0.9490627646446228,0.0,0.0,0.3368055555555556,1.3689253330230713
335,0.043262165039777756,0.06394986063241959,0.9334242343902588,0.0,0.0,0.3472222222222222,1.368255853652954
336,0.04151942953467369,0.0606895387172699,0.92885822057724,0.0,0.0,0.3472222222222222,1.3702151775360107
337,0.042596179991960526,0.059055790305137634,0.9283538460731506,0.0,0.0,0.33333333333333337,1.3857977390289307
338,0.043420687317848206,0.06345495581626892,0.9418716430664062,0.0,0.0,0.36458333333333337,1.3689732551574707
339,0.041306812316179276,0.061688851565122604,0.9448153972625732,0.0,0.0,0.36458333333333337,1.3687810897827148
340,0.04603864625096321,0.07183592021465302,0.9945194721221924,0.0,0.0,0.36111111111111116,1.3764312267303467
341,0.04378160834312439,0.05971527099609375,0.8962655663490295,0.0,0.0,0.3402777777777778,1.3986272811889648
342,0.041848231106996536,0.06142842769622803,0.9267959594726562,0.0,0.0,0.34375,1.3951992988586426
343,0.04138083755970001,0.06117067486047745,0.9568175077438354,0.0,0.0,0.3402777777777778,1.3759934902191162
344,0.040422793477773666,0.05496858060359955,0.9282433390617371,0.0,0.0,0.3472222222222222,1.37062668800354
345,0.04164323955774307,0.06291090697050095,0.9716463088989258,0.0,0.0,0.34375,1.3706762790679932
346,0.039447881281375885,0.05343463271856308,0.9313733577728271,0.0,0.0,0.36458333333333337,1.36680006980896
347,0.040446002036333084,0.06196664646267891,0.9448297023773193,0.0,0.0,0.34375,1.3819637298583984
348,0.03975912556052208,0.057795457541942596,0.9661927819252014,0.0,0.0,0.36111111111111116,1.3689601421356201
349,0.03941873833537102,0.0556911826133728,0.9099627733230591,0.0,0.0,0.34375,1.3745296001434326
350,0.03968770429491997,0.059306900948286057,0.9475176334381104,0.0,0.0,0.33333333333333337,1.3691728115081787
351,0.039270590990781784,0.05728033930063248,0.9654079079627991,0.0,0.0,0.35763888888888884,1.3673300743103027
352,0.03825592249631882,0.05251847952604294,0.9379810690879822,0.0,0.0,0.35416666666666663,1.3720746040344238
353,0.04184291511774063,0.06572283804416656,0.9652163982391357,0.0,0.0,0.35416666666666663,1.3665266036987305
354,0.03986823558807373,0.05489441007375717,0.9272848963737488,0.0,0.0,0.3368055555555556,1.3777766227722168
355,0.040062036365270615,0.05433370918035507,0.9690535664558411,0.0,0.0,0.3784722222222222,1.3684117794036865
356,0.03857019916176796,0.05479253828525543,0.9433009028434753,0.0,0.0,0.35763888888888884,1.3751590251922607
357,0.04906202852725983,0.07117541879415512,0.9878116250038147,0.0,0.0,0.3680555555555556,1.3738257884979248
358,0.047956932336091995,0.0648924931883812,0.9004454016685486,0.0,0.0,0.3125,1.378361701965332
359,0.04146794229745865,0.06099250167608261,0.9175329208374023,0.0,0.0,0.35763888888888884,1.377598762512207
360,0.04096353054046631,0.05938643962144852,0.9679356813430786,0.0,0.0,0.3680555555555556,1.3700778484344482
361,0.0386098176240921,0.05251241475343704,0.917993426322937,0.0,0.0,0.34375,1.3686976432800293
362,0.03693002462387085,0.051184073090553284,0.9267117977142334,0.0,0.0,0.3402777777777778,1.3772404193878174
363,0.03706814721226692,0.05186747759580612,0.9488590955734253,0.0,0.0,0.3506944444444444,1.3745777606964111
364,0.0382000096142292,0.051038213074207306,0.9377207159996033,0.0,0.0,0.33333333333333337,1.3674404621124268
365,0.03868425264954567,0.05621878057718277,0.97337806224823,0.0,0.0,0.3784722222222222,1.3765337467193604
366,0.0361371785402298,0.04722975939512253,0.9115657806396484,0.0,0.0,0.3472222222222222,1.3778467178344727
367,0.03547973930835724,0.04769785702228546,0.9297130107879639,0.0,0.0,0.3506944444444444,1.3728375434875488
368,0.03564392402768135,0.04940912872552872,0.9466331005096436,0.0,0.0,0.35763888888888884,1.3660519123077393
369,0.036025796085596085,0.04809610918164253,0.915973424911499,0.0,0.0,0.3680555555555556,1.3673949241638184
370,0.0351124107837677,0.04818859323859215,0.9341368079185486,0.0,0.0,0.33333333333333337,1.3886773586273193
371,0.03471633791923523,0.04515267163515091,0.9334152936935425,0.0,0.0,0.3472222222222222,1.3758859634399414
372,0.034348852932453156,0.04406946152448654,0.9180300831794739,0.0,0.0,0.3506944444444444,1.3709614276885986
373,0.03481818735599518,0.045070797204971313,0.916858434677124,0.0,0.0,0.34375,1.3681113719940186
374,0.03676510229706764,0.05160510167479515,0.9364596605300903,0.0,0.0,0.32986111111111116,1.379279613494873
375,0.037492796778678894,0.047404054552316666,0.9536766409873962,0.0,0.0,0.3715277777777778,1.3695614337921143
376,0.035825975239276886,0.048063378781080246,0.9181732535362244,0.0,0.0,0.3402777777777778,1.3674366474151611
377,0.03388984873890877,0.04540559649467468,0.9156447649002075,0.0,0.0,0.33333333333333337,1.3699729442596436
378,0.03471771627664566,0.046337857842445374,0.9288219809532166,0.0,0.0,0.32986111111111116,1.3682315349578857
379,0.0348522812128067,0.04815126210451126,0.9541060924530029,0.0,0.0,0.36111111111111116,1.3689014911651611
380,0.03498039022088051,0.04572883993387222,0.9273876547813416,0.0,0.0,0.3715277777777778,1.376615047454834
381,0.033612702041864395,0.041504018008708954,0.927443265914917,0.0,0.0,0.3506944444444444,1.3675053119659424
382,0.03384548798203468,0.045372799038887024,0.9472405910491943,0.0,0.0,0.34375,1.3790674209594727
383,0.03414951264858246,0.04231271147727966,0.9258191585540771,0.0,0.0,0.35416666666666663,1.3801112174987793
384,0.03380937501788139,0.04376934841275215,0.9559952616691589,0.0,0.0,0.3506944444444444,1.3818120956420898
385,0.03402473032474518,0.04530661553144455,0.9555239081382751,0.0,0.0,0.3715277777777778,1.3809778690338135
386,0.0340205542743206,0.04514513164758682,0.9169168472290039,0.0,0.0,0.3402777777777778,1.3749842643737793
387,0.03595667704939842,0.044666778296232224,0.9169228076934814,0.0,0.0,0.33333333333333337,1.374990463256836
388,0.032507918775081635,0.04535980522632599,0.9564231038093567,0.0,0.0,0.35763888888888884,1.3665146827697754
389,0.033847544342279434,0.043996550142765045,0.9681916832923889,0.0,0.0,0.36458333333333337,1.3810536861419678
390,0.034463029354810715,0.04741427302360535,0.9473431706428528,0.0,0.0,0.35416666666666663,1.3787281513214111
391,0.031332239508628845,0.04009620100259781,0.9274245500564575,0.0,0.0,0.3472222222222222,1.3780484199523926
392,0.03195647522807121,0.0416770800948143,0.9277017116546631,0.0,0.0,0.34375,1.3929097652435303
393,0.032912056893110275,0.04313705861568451,0.9479135870933533,0.0,0.0,0.36111111111111116,1.3714957237243652
394,0.0311990175396204,0.03997156023979187,0.9393240809440613,0.0,0.0,0.36458333333333337,1.3885438442230225
395,0.0318923257291317,0.04094092175364494,0.9239445924758911,0.0,0.0,0.34375,1.3692164421081543
396,0.031408511102199554,0.038636185228824615,0.940685510635376,0.0,0.0,0.3472222222222222,1.3873045444488525
397,0.03201555460691452,0.0408133864402771,0.9327043890953064,0.0,0.0,0.3368055555555556,1.3693945407867432
398,0.03204595670104027,0.042037464678287506,0.9483623504638672,0.0,0.0,0.375,1.3773353099822998
399,0.03284987062215805,0.04366536810994148,0.9581885933876038,0.0,0.0,0.3680555555555556,1.375760555267334
400,0.031105753034353256,0.038420528173446655,0.9337644577026367,0.0,0.0,0.32986111111111116,1.3685581684112549
401,0.03140503168106079,0.0400552973151207,0.9474973678588867,0.0,0.0,0.3368055555555556,1.372102975845337
402,0.031149106100201607,0.0378352552652359,0.9186864495277405,0.0,0.0,0.35763888888888884,1.3788173198699951
403,0.031970471143722534,0.040579892694950104,0.9651142954826355,0.0,0.0,0.3715277777777778,1.3823633193969727
404,0.030649572610855103,0.03927585482597351,0.9505301713943481,0.0,0.0,0.3506944444444444,1.3771848678588867
405,0.03173200041055679,0.038215164095163345,0.9239040017127991,0.0,0.0,0.36111111111111116,1.3786044120788574
406,0.029785573482513428,0.03724050149321556,0.9339444041252136,0.0,0.0,0.36458333333333337,1.3974943161010742
407,0.030413011088967323,0.038247689604759216,0.9381402134895325,0.0,0.0,0.3472222222222222,1.3821775913238525
408,0.02954723685979843,0.03762931376695633,0.9397869110107422,0.0,0.0,0.35763888888888884,1.3764519691467285
409,0.03156954050064087,0.03976675495505333,0.9441304802894592,0.0,0.0,0.3506944444444444,1.3719255924224854
410,0.029713205993175507,0.038507185876369476,0.9413058757781982,0.0,0.0,0.3472222222222222,1.3849053382873535
411,0.029296763241291046,0.03794153034687042,0.94777512550354,0.0,0.0,0.35416666666666663,1.3725662231445312
412,0.031118342652916908,0.038037706166505814,0.9127112627029419,0.0,0.0,0.35763888888888884,1.3779211044311523
413,0.03080841153860092,0.039485469460487366,0.9525624513626099,0.0,0.0,0.3819444444444444,1.4072105884552002
414,0.029082370921969414,0.03502705693244934,0.9446039199829102,0.0,0.0,0.36458333333333337,1.385591745376587
415,0.030418088659644127,0.039131879806518555,0.9616861343383789,0.0,0.0,0.35416666666666663,1.3913917541503906
416,0.029324760660529137,0.03700412064790726,0.9383223056793213,0.0,0.0,0.35416666666666663,1.3715758323669434
417,0.030206169933080673,0.03636009618639946,0.94212406873703,0.0,0.0,0.35763888888888884,1.3678772449493408
418,0.032126761972904205,0.04083938151597977,0.9267895817756653,0.0,0.0,0.3368055555555556,1.3710463047027588
419,0.032751455903053284,0.04154480621218681,0.9477521181106567,0.0,0.0,0.3819444444444444,1.38106369972229
420,0.03181491419672966,0.03943111002445221,0.9395626783370972,0.0,0.0,0.3680555555555556,1.3698229789733887
421,0.0294153094291687,0.03966853767633438,0.954732358455658,0.0,0.0,0.3506944444444444,1.3763694763183594
422,0.02977471798658371,0.03572329133749008,0.9227564334869385,0.0,0.0,0.35416666666666663,1.3834872245788574
423,0.032327909022569656,0.0411137193441391,0.9756984710693359,0.0,0.0,0.3819444444444444,1.3792057037353516
424,0.030811170116066933,0.036956675350666046,0.9417887926101685,0.0,0.0,0.3402777777777778,1.3825149536132812
425,0.02993181347846985,0.0375957116484642,0.9211124777793884,0.0,0.0,0.35763888888888884,1.3792741298675537
426,0.02826777845621109,0.035813841968774796,0.9428454637527466,0.0,0.0,0.3472222222222222,1.397212028503418
427,0.028658518567681313,0.03664853423833847,0.9361904859542847,0.0,0.0,0.3715277777777778,1.3920538425445557
428,0.028216011822223663,0.037163279950618744,0.9400217533111572,0.0,0.0,0.35763888888888884,1.378937005996704
429,0.027837952598929405,0.033251892775297165,0.9392461776733398,0.0,0.0,0.36458333333333337,1.3702809810638428
